Name,Year of release,Original Network,Number of Episodes,Duration,Content Rating,Rating,Genre,Cast,Rank
Move to Heaven,2021,Netflix,10,52 min.,18+ Restricted (violence & profanity),9.2,life  drama  family,"Lee Je Hoon, Tang Jun Sang, Hong Seung Hee, Jung Suk Yong, Jung Young Joo, Lee Moon Shik",#1
Flower of Evil,2020,tvN,16,1 hr. 10 min.,15+ - Teens 15 or older,9.1,thriller  romance  crime  melodrama,"Lee Joon Gi, Moon Chae Won, Jang Hee Jin, Seo Hyun Woo, Nam Ki Ae, Son Jong Hak",#2
Hospital Playlist,2020,"Netflix,  tvN ",12,1 hr. 30 min.,15+ - Teens 15 or older,9.1,friendship  romance  life  medical,"Jo Jung Suk, Yoo Yeon Seok, Jung Kyung Ho, Kim Dae Myung, Jeon Mi Do, Shin Hyun Bin",#3
Hospital Playlist 2,2021,"Netflix,  tvN ",12,1 hr. 40 min.,15+ - Teens 15 or older,9.1,friendship  romance  life  medical,"Jo Jung Suk, Yoo Yeon Seok, Jung Kyung Ho, Kim Dae Myung, Jeon Mi Do, Shin Hyun Bin",#4
My Mister,2018,tvN,16,1 hr. 17 min.,15+ - Teens 15 or older,9.1,psychological  life  drama  family,"Lee Sun Kyun, IU, Park Ho San, Song Sae Byuk, Lee Ji Ah, Kim Young Min",#5
Reply 1988,2015,tvN,20,1 hr. 40 min.,15+ - Teens 15 or older,9.1,comedy  romance  youth  family,"Lee Hye Ri, Go Kyung Pyo, Ryu Joon Yeol, Park Bo Gum, Lee Dong Hwi, Sung Dong Il",#6
Weak Hero Class 1,2022,Wavve,8,40 min.,18+ Restricted (violence & profanity),9.1,action  youth  drama,"Park Ji Hoon, Choi Hyun Wook, Hong Kyung, Kim Su Gyeom, Lee Yeon, Shin Seung Ho",#7
Prison Playbook,2017,"Netflix,  tvN ",16,1 hr. 32 min.,15+ - Teens 15 or older,9.1,comedy  crime  life  drama,"Park Hae Soo, Jung Kyung Ho, Krystal Jung, Im Hwa Young, Ye Soo Jung, Kim Kyung Nam",#8
Alchemy of Souls,2022,"Netflix, tvN",20,1 hr. 20 min.,15+ - Teens 15 or older,9.0,action  historical  romance  fantasy,"Lee Jae Wook, Jung So Min, Hwang Hyun Min, Shin Seung Ho, Yoo Joon Sang, Oh Na Ra",#9
Extraordinary Attorney Woo,2022,"ENA, Netflix",16,1 hr. 17 min.,15+ - Teens 15 or older,9.0,law  romance  life  drama,"Park Eun Bin, Kang Tae Oh, Kang Ki Young, Jeon Bae Soo, Baek Ji Won, Jin Kyung",#10
Mr. Queen,2020,tvN,20,1 hr. 20 min.,15+ - Teens 15 or older,9.0,historical  mystery  comedy  romance,"Shin Hye Sun, Kim Jung Hyun, Bae Jong Ok, Kim Tae Woo, Jo Yun Hee, Seol In Ah",#11
Mother,2018,tvN,16,1 hr. 3 min.,15+ - Teens 15 or older,9.0,thriller  mystery  psychological  melodrama,"Lee Bo Young, Heo Yool, Lee Hye Young, Go Sung Hee, Lee Jae Yoon, Go Bo Gyeol",#12
It's Okay to Not Be Okay,2020,"Netflix,  tvN ",16,1 hr. 15 min.,15+ - Teens 15 or older,9.0,psychological  comedy  romance  drama,"Kim Soo Hyun, Seo Yea Ji, Oh Jung Se, Park Gyu Young, Jang Young Nam, Kim Chang Wan",#13
Crash Landing on You,2019,"Netflix,  tvN ",16,1 hr. 25 min.,15+ - Teens 15 or older,9.0,military  comedy  romance  political,"Hyun Bin, Son Ye Jin, Seo Ji Hye, Kim Jung Hyun, Yang Kyung Won, Lee Shin Young",#14
Vincenzo,2021,"Netflix,  tvN ",20,1 hr. 25 min.,15+ - Teens 15 or older,9.0,comedy  law  crime  drama,"Song Joong Ki, Jeon Yeo Been, Ok Taec Yeon, Kim Yeo Jin, Jo Han Chul, Kwak Dong Yeon",#15
Navillera,2021,"Netflix,  tvN ",12,1 hr. 5 min.,15+ - Teens 15 or older,9.0,friendship  life  drama  family,"Park In Hwan, Song Kang, Na Moon Hee, Hong Seung Hee, Kim Tae Hoon, Yoon  Ji Hye",#16
Signal,2016,tvN,16,1 hr. 15 min.,15+ - Teens 15 or older,9.0,thriller  mystery  sci-fi,"Lee Je Hoon, Kim Hye Soo, Jo Jin Woong, Kim Won Hae, Lee Yoo Joon, Jang Hyun Sung",#17
Mr. Sunshine,2018,"Netflix,  tvN ",24,1 hr. 20 min.,15+ - Teens 15 or older,8.9,military  historical  romance  melodrama,"Lee Byung Hun, Kim Tae Ri, Kim Min Jung, Yoo Yeon Seok, Byun Yo Han, Kim Gab Soo",#18
Happiness,2021,tvN,12,1 hr. 5 min.,15+ - Teens 15 or older,8.9,action  thriller  drama  fantasy,"Han Hyo Joo, Park Hyung Sik, Jo  Woo Jin, Lee Joon Hyuk, Park Joo Hee, Baek Hyun Jin",#19
Kingdom: Season 2,2020,Netflix,6,45 min.,18+ Restricted (violence & profanity),8.9,thriller  historical  horror  supernatural,"Joo Ji Hoon, Bae Doo Na, Kim Sung Gyu, Ryu Seung Ryong, Kim  Sang Ho, Jun Suk Ho",#20
SKY Castle,2018,jTBC,20,1 hr. 15 min.,15+ - Teens 15 or older,8.9,mystery  psychological  drama  family,"Yeom Jung Ah, Lee Tae Ran, Yoon Se Ah, Oh Na Ra, Kim Seo Hyung, Jung Joon Ho",#21
Tomorrow,2022,"MBC, Netflix",16,60 min.,15+ - Teens 15 or older,8.9,action  thriller  drama  fantasy,"Kim Hee Sun, Rowoon, Lee Soo Hyuk, Yun Ji On, Kim Hae Sook, Kim Nu Ri",#22
Healer,2014,KBS2,20,60 min.,15+ - Teens 15 or older,8.9,action  thriller  mystery  romance,"Ji Chang Wook, Park Min Young, Yoo Ji Tae, Kim  Mi Kyung, Park Sang Won, Do Ji Won",#23
Stranger,2017,"Netflix,  tvN ",16,1 hr. 10 min.,15+ - Teens 15 or older,8.9,thriller  mystery  law  drama,"Jo Seung Woo, Bae Doo Na, Lee Joon Hyuk, Yoo Jae Myung, Shin Hye Sun, Choi Jae Woong",#24
Twenty-Five Twenty-One,2022,"Netflix, tvN",16,1 hr. 15 min.,15+ - Teens 15 or older,8.8,romance  life  drama  melodrama,"Kim Tae Ri, Nam Joo Hyuk, Bona, Choi Hyun Wook, Lee Joo Myung, Seo Jae Hee",#25
The Red Sleeve,2021,"MBC, Viki",17,1 hr. 20 min.,15+ - Teens 15 or older,8.8,historical  romance  drama  melodrama,"Lee Jun Ho, Lee Se Young, Kang Hoon, Lee Deok Hwa, Park Ji Young, Jang Hee Jin",#26
Goblin,2016,tvN,16,1 hr. 22 min.,15+ - Teens 15 or older,8.8,comedy  romance  fantasy  melodrama,"Gong Yoo, Kim Go Eun, Lee Dong Wook, Yoo In Na, Yook Sung Jae, Lee El",#27
The Uncanny Counter,2020,"Netflix,  OCN ",16,1 hr. 10 min.,15+ - Teens 15 or older,8.8,action  mystery  drama  supernatural,"Cho Byeong Kyu, Yoo  Joon Sang, Kim Se Jeong, Yeom Hye Ran, Ahn Suk Hwan, Lee Hong Nae",#28
Mouse,2021,tvN,20,1 hr. 15 min.,18+ Restricted (violence & profanity),8.7,thriller  mystery  sci-fi,"Lee Seung Gi, Lee Hee Joon, Park Joo Hyun, Kyung Soo Jin, Woo Ji Hyun, Ahn Jae Wook",#29
Kingdom,2019,Netflix,6,51 min.,18+ Restricted (violence & profanity),8.8,thriller  historical  horror  political,"Joo Ji Hoon, Ryu Seung Ryong, Bae Doo Na, Kim Sung Gyu, Kim Chan Yi, Kim  Sang Ho",#30
Weightlifting Fairy Kim Bok Joo,2016,MBC,16,60 min.,15+ - Teens 15 or older,8.8,comedy  romance  youth  sports,"Lee Sung Kyung, Nam Joo Hyuk, Lee Jae Yoon, Kyung Soo Jin, Cho Hye Jung, Lee Joo Young",#31
D.P.,2021,Netflix,6,50 min.,15+ - Teens 15 or older,8.8,action  military  comedy  drama,"Jung Hae In, Koo Kyo Hwan, Kim Sung Kyun, Son Seok Koo, Hong Kyung, Jo Hyun Chul",#32
The Devil Judge,2021,tvN,16,1 hr. 10 min.,15+ - Teens 15 or older,8.8,mystery  law  crime  drama,"Ji Sung, Kim Min Jung, Park Jin Young, Park Gyu Young, Jeon Chae Eun, Kim Jae Kyung",#33
The Penthouse,2020,SBS,21,1 hr. 25 min.,15+ - Teens 15 or older,8.8,thriller  mystery  drama  family,"Lee Ji Ah, Kim So Yeon, Eugene, Uhm Ki Joon, Bong Tae Kyu, Shin Eun Kyung",#34
Youth of May,2021,KBS2,12,1 hr. 10 min.,15+ - Teens 15 or older,8.8,historical  romance  drama  melodrama,"Lee Do Hyun, Go Min Si, Lee Sang Yi, Geum Sae Rok, Oh Man Suk, Uhm Hyo Sub",#35
Taxi Driver,2021,SBS,16,1 hr. 5 min.,18+ Restricted (violence & profanity),8.8,action  thriller  mystery  drama,"Lee Je Hoon, Esom, Kim Eui Sung, Pyo Ye Jin, Cha Ji Yeon, Jang Hyuk Jin",#36
Life on Mars,2018,OCN,16,1 hr. 5 min.,15+ - Teens 15 or older,8.8,action  mystery  comedy  supernatural,"Jung Kyung Ho, Park Sung Woong, Go Ah Sung, Oh Dae Hwan, Noh Jong Hyun, Jun Suk Ho",#37
Beyond Evil,2021,jTBC,16,1 hr. 5 min.,15+ - Teens 15 or older,8.8,thriller  mystery  psychological  drama,"Shin Ha Kyun, Yeo Jin Goo, Choi Dae Hoon, Kim Shin Rok, Choi Sung Eun, Choi Jin Ho",#38
Racket Boys,2021,"Netflix,  SBS ",16,1 hr. 15 min.,15+ - Teens 15 or older,8.8,friendship  comedy  youth  sports,"Kim Sang Kyung, Oh Na Ra, Tang Jun Sang, Son Sang Yeon, Choi Hyun Wook, Kim Kang Hoon",#39
Hometown Cha-Cha-Cha,2021,"Netflix,  tvN ",16,1 hr. 20 min.,15+ - Teens 15 or older,8.8,comedy  romance  life,"Shin Min Ah, Kim Seon Ho, Lee Sang Yi, In Gyo Jin, Jo Han Chul, Lee Bong Ryun",#40
Six Flying Dragons,2015,SBS,50,60 min.,15+ - Teens 15 or older,8.8,action  historical  drama  political,"Yoo Ah In, Kim Myung Min, Shin Se Kyung, Byun Yo Han, Yoon Kyun Sang, Chun Ho Jin",#41
Our Beloved Summer,2021,"Netflix, SBS",16,60 min.,15+ - Teens 15 or older,8.7,romance  life  youth  drama,"Choi Woo Shik, Kim Da Mi, Kim Sung Cheol, Roh Jeong Eui, Ahn Dong Goo, Park Jin Joo",#42
The Guest,2018,OCN,16,1 hr. 7 min.,18+ Restricted (violence & profanity),8.8,thriller  mystery  horror  supernatural,"Kim Dong Wook, Kim Jae Wook, Jung Eun Chae, Lee Won Jong, Park Ho San, Ahn Nae Sang",#43
Dear My Friends,2016,tvN,16,1 hr. 10 min.,15+ - Teens 15 or older,8.7,life  drama  family  melodrama,"Go Hyun Jung, Kim Hye Ja, Na Moon Hee, Go Doo Shim, Park Won Sook, Youn Yuh Jung",#44
While You Were Sleeping,2017,SBS,32,30 min.,15+ - Teens 15 or older,8.7,mystery  romance  drama  fantasy,"Bae Suzy, Lee Jong Suk, Jung Hae In, Lee Sang Yeob, Hwang Young Hee, Shin Jae Ha",#45
The Penthouse 2,2021,SBS,13,1 hr. 15 min.,15+ - Teens 15 or older,8.8,thriller  mystery  drama  family,"Kim So Yeon, Eugene, Lee Ji Ah, Uhm Ki Joon, Yoon Jong Hoon, Shin Eun Kyung",#46
Chicago Typewriter,2017,tvN,16,1 hr. 10 min.,15+ - Teens 15 or older,8.7,comedy  romance  supernatural  political,"Yoo Ah In, Im Soo Jung, Go Kyung Pyo, Kwak Shi Yang, Jo  Woo Jin, Oh Na Ra",#47
18 Again,2020,jTBC,16,1 hr. 10 min.,15+ - Teens 15 or older,8.7,romance  life  drama  fantasy,"Kim Ha Neul, Yoon Sang Hyun, Lee Do Hyun, Roh Jeong Eui, Ryeoun, Wi Ha Joon",#48
Arthdal Chronicles Part 2,2019,"Netflix,  tvN ",6,1 hr. 21 min.,15+ - Teens 15 or older,8.7,historical  romance  fantasy  political,"Song Joong Ki, Kim Ji Won, Jang Dong Gun, Kim Ok Bin, Jo Sung Ha, Park Hae Joon",#49
Arthdal Chronicles Part 3,2019,"Netflix,  tvN ",6,1 hr. 20 min.,15+ - Teens 15 or older,8.7,historical  romance  fantasy  political,"Song Joong Ki, Kim Ji Won, Jang Dong Gun, Kim Ok Bin, Kim Sung Chul, Karata Erika",#50
Through the Darkness,2022,SBS,12,1 hr. 10 min.,18+ Restricted (violence & profanity),8.7,thriller  mystery  crime  drama,"Kim Nam Gil, Jin Seon Kyu, Kim So Jin, Ryeoun, Lee Dae Yeon, Kim Won Hae",#51
Dr. Romantic 2,2020,SBS,16,1 hr. 10 min.,15+ - Teens 15 or older,8.7,romance  drama  medical  melodrama,"Han Seok Kyu, Ahn Hyo Seop, Lee Sung Kyung, Kim Joo Heon, Shin Dong Wook, So Ju Yeon",#52
Defendant,2017,SBS,18,1 hr. 10 min.,15+ - Teens 15 or older,8.7,thriller  mystery  law  drama,"Ji Sung, Uhm Ki Joon, Kwon Yu Ri, Oh Chang Seok, Uhm Hyun Kyung, Jung Dong Gyu",#53
Our Blues,2022,"Netflix, tvN",20,1 hr. 10 min.,15+ - Teens 15 or older,8.7,romance  life  drama  melodrama,"Lee Byung Hun, Shin Min Ah, Cha Seung Won, Lee Jung Eun, Uhm Jung Hwa, Han Ji Min",#54
Sweet Home,2020,Netflix,10,52 min.,18+ Restricted (violence & profanity),8.7,horror  drama  sci-fi  supernatural,"Song Kang, Lee Jin Wook, Lee Si Young, Lee Do Hyun, Kim Nam Hee, Go Min Si",#55
"Kill Me, Heal Me",2015,MBC,20,1 hr. 2 min.,15+ - Teens 15 or older,8.7,psychological  comedy  romance  drama,"Ji Sung, Hwang Jung Eum, Park Seo Joon, Kim Yoo Ri, Oh Min Suk, Kim Young Ae",#56
Moon Lovers,2016,SBS,20,60 min.,15+ - Teens 15 or older,8.7,historical  romance  melodrama,"Lee Joon Gi, IU, Kang Ha Neul, Hong Jong Hyun, Nam Joo Hyuk, Byun Baek Hyun",#57
A Business Proposal,2022,"Netflix, SBS",12,60 min.,15+ - Teens 15 or older,8.7,comedy  romance  drama,"Shin Ha Ri is a single woman and works for a company. She has a male friend, who she has had a crush on for a long time, but she learns he has a girlfriend. Shin Ha Ri feels sad and decides to meet her friend Jin Young Seo, who is a daughter of a chaebol family. Jin Young Seo then asks Shin Ha Ri to take her place in a blind date and even offers some money for her time. Shin Ha Ri accepts her friend's offer. She goes out on the blind date as Jin Young Seo, while having the intention to get rejected by her date. When she sees her blind date, Shin Ha Ri is dumbfounded. Her blind date is Kang Tae Mu. He is the CEO of the company where she works. Kang Tae Mu is the CEO of a company that his grandfather founded. One day, his grandfather informed him of an upcoming blind date that he set up for him. Kang Tae Mu is a workaholic and he is annoyed that his grandfather sets up blind dates for him. He decides to marry the next woman whom he meets at a blind date, so he won't be disturbed from his work anymore. That woman is Shin Ha Ri, but pretending to be Jin Young Seo. On the following day, Shin Ha Ri receives a phone call from Kang Tae Mu. He asks her to marry him.",#58
Misaeng,2014,tvN,20,1 hr. 20 min.,15+ - Teens 15 or older,8.7,friendship  business  life  drama,"Im Si Wan, Lee Sung Min, Kang So Ra, Kang Ha Neul, Byun Yo Han, Kim Dae Myung",#59
Strong Woman Do Bong Soon,2017,jTBC,16,1 hr. 7 min.,15+ - Teens 15 or older,8.7,action  thriller  comedy  romance  drama  supernatural,"Park Bo Young, Park Hyung Sik, Kim Ji Soo, Jun Suk Ho, Shim Hye Jin, Yoo Jae Myung",#60
The Fiery Priest,2019,SBS,40,35 min.,15+ - Teens 15 or older,8.7,action  mystery  comedy  crime,"Kim Nam Gil, Kim Sung Kyun, Lee Ha Nee, Go Jun, Geum Sae Rok, Jeon Sung Woo",#61
My Name,2021,Netflix,8,50 min.,18+ Restricted (violence & profanity),8.7,action  thriller  crime,"Han So Hee, Park Hee Soon , Ahn Bo Hyun, Lee Hak Joo, Kim  Sang Ho, Jang Yool",#62
Hotel del Luna,2019,tvN,16,1 hr. 20 min.,15+ - Teens 15 or older,8.7,horror  comedy  romance  fantasy,"IU, Yeo Jin Goo, Shin Jung Keun, Bae Hae Seon, P.O, Jo Hyun Chul",#63
Hot Stove League,2019,SBS,16,1 hr. 2 min.,15+ - Teens 15 or older,8.7,drama  sports  melodrama,"Namkoong Min, Park Eun Bin, Cho Byeong Kyu, Oh Jung Se, Son Jong Hak, Kim Do Hyun",#64
Dr. Romantic,2016,SBS,20,60 min.,15+ - Teens 15 or older,8.7,romance  drama  medical,"Han Seok Kyu, Yoo Yeon Seok, Seo Hyun Jin, Choi Jin Ho, Yang Se Jong, Jang Hyuk Jin",#65
Descendants of the Sun,2016,KBS2,16,60 min.,15+ - Teens 15 or older,8.7,action  comedy  romance  melodrama,"Song Joong Ki, Song Hye Kyo, Jin Goo, Kim Ji Won, Lee Seung Jun, Seo Jung Yeon",#66
Law School,2021,"jTBC,  Netflix ",16,1 hr. 5 min.,15+ - Teens 15 or older,8.7,mystery  law  crime  drama,"Kim Myung Min, Kim Bum, Ryu Hye Young, Lee Jung Eun, Lee Soo Kyung, Lee David",#67
Strangers from Hell,2019,OCN,10,60 min.,15+ - Teens 15 or older,8.7,thriller  horror  psychological  drama,"Im Si Wan, Lee Dong Wook, Lee Jung Eun, Ahn Eun Jin, Park Jong Hwan, Lee Joong Ok",#68
Live,2018,"Netflix,  tvN ",18,1 hr. 15 min.,15+ - Teens 15 or older,8.7,friendship  comedy  romance  crime,"Lee Kwang Soo, Jung Yu Mi, Bae Sung Woo, Bae Jong Ok, Sung Dong Il, Jang Hyun Sung",#69
Tunnel,2017,OCN,16,60 min.,15+ - Teens 15 or older,8.7,thriller  mystery  sci-fi  fantasy,"Choi Jin Hyuk, Yoon Hyun Min, Lee Yoo Young, Jo Hee Bong, Kim Byung Chul, Kang Ki Young",#70
My Liberation Notes,2022,"jTBC, Netflix",16,1 hr. 7 min.,15+ - Teens 15 or older,8.6,romance  life  drama  melodrama,"Kim Ji Won, Lee Min Ki, Son Seok Koo, Lee El, Lee Ki Woo, Chun Ho Jin",#71
Partners for Justice 2,2019,MBC,32,35 min.,15+ - Teens 15 or older,8.6,mystery  law  drama  medical,"Jung Jae Young, Jung Yoo Mi, Oh Man Suk, Noh Min Woo, Kang Seung Hyun, Park Jun Gyu",#72
Jewel in the Palace,2003,MBC,54,1 hr. 5 min.,13+ - Teens 13 or older,8.6,food  historical  romance  medical,"Lee Young Ae, Ji Jin Hee, Hong Ri Na, Im Ho, Yang  Mi Kyung, Kyeon Mi Ri",#73
"It's Okay, That's Love",2014,SBS,16,60 min.,15+ - Teens 15 or older,8.6,psychological  comedy  romance  drama,"Jo In Sung, Gong Hyo Jin, Sung Dong Il, Lee Kwang Soo, Jin Kyung, Lee Sung Kyung",#74
Little Women,2022,"Netflix, tvN",12,1 hr. 15 min.,15+ - Teens 15 or older,8.6,action  thriller  mystery  drama,"Kim Go Eun, Nam Ji Hyun, Park Ji Hoo, Wi Ha Joon, Uhm Ki Joon, Uhm Ji Won",#75
Ghost Doctor,2022,tvN,16,1 hr. 10 min.,15+ - Teens 15 or older,8.6,comedy  medical  fantasy  supernatural,"Rain, Kim Bum, Uee, Son Na Eun, Sung Dong Il, Tae In Ho",#76
Eulachacha Waikiki,2018,jTBC,20,1 hr. 5 min.,15+ - Teens 15 or older,8.6,comedy  life  youth  drama,"Kim Jung Hyun, Lee Yi Kyung, Son Seung Won, Jung In Sun, Go Won Hee, Lee Joo Woo",#77
The Bridal Mask,2012,KBS2,28,1 hr. 5 min.,15+ - Teens 15 or older,8.6,action  historical  romance  political,"Joo Won, Jin Se Yeon, Park Ki Woong, Han Chae Ah, Shin Hyun Joon, Chun Ho Jin",#78
Children of Nobody,2018,MBC,32,30 min.,15+ - Teens 15 or older,8.6,thriller  mystery  psychological  crime  drama,"Kim Sun Ah, Lee Yi Kyung, Nam Gyu Ri, N, Joo Seok Tae, Na Young Hee",#79
Good Manager,2017,KBS2,20,60 min.,15+ - Teens 15 or older,8.6,business  comedy  crime  drama,"Namkoong Min, Nam Sang Mi, Lee Jun Ho, Jung Hye Sung, Kim Won Hae, Kim Kang Hyun",#80
The King of Pigs,2022,tvN,12,55 min.,18+ Restricted (violence & profanity),8.6,thriller  mystery  drama,"Kim Dong Wook, Kim Sung Gyu, Chae Jung An, Choi Hyun Jin, Sim Hyun Seo, Lee Chan Yoo",#81
Big Mouth,2022,"Hulu, MBC",16,1 hr. 11 min.,15+ - Teens 15 or older,8.6,thriller  mystery  law  drama,"Lee Jong Suk, Im Yoon Ah, Kim Joo Heon, Kwak Dong Yeon, Yang Kyung Won, Ok Ja Yeon",#82
Go Back Couple,2017,KBS2,12,1 hr. 10 min.,15+ - Teens 15 or older,8.6,comedy  romance  life  school  drama  family  supernatural,"Jang Na Ra, Son Ho Jun, Heo Jung Min, Han Bo Reum, Jang Ki Yong, Go Bo Gyeol",#83
Empress Ki,2013,MBC,51,1 hr. 5 min.,15+ - Teens 15 or older,8.6,historical  romance  melodrama  political,"Ha Ji Won, Ji Chang Wook, Joo Jin Mo, Baek Jin Hee, Kim Ji Han, Kim Seo Hyung",#84
My Father is Strange,2017,KBS2,52,1 hr. 6 min.,15+ - Teens 15 or older,8.6,comedy  romance  drama  family,"Kim Yeong Cheol, Kim Hae Sook, Ryu Soo Young, Lee Yoo Ri, Lee Joon, Jung So Min",#85
Once Again,2020,KBS2,100,35 min.,15+ - Teens 15 or older,8.6,comedy  romance  drama  family,"Chun Ho Jin, Cha Hwa Yun, Lee Jung Eun, Oh Dae Hwan, Lee Min Jung, Lee Sang Yeob",#86
Missing,2020,OCN,12,1 hr. 10 min.,15+ - Teens 15 or older,8.6,thriller  mystery  supernatural,"Go Soo, Heo Joon Ho, Ahn So Hee, Ha Joon, Seo Eun Soo, Song Geon Hee",#87
Stranger 2,2020,"Netflix,  tvN ",16,1 hr. 2 min.,15+ - Teens 15 or older,8.6,thriller  mystery  law  drama,"Jo Seung Woo, Bae Doo Na, Jeon Hye Jin, Choi Moo Sung, Lee Joon Hyuk, Yoon Se Ah",#88
Designated Survivor,2019,"Netflix,  tvN ",16,1 hr. 10 min.,15+ - Teens 15 or older,8.6,thriller  mystery  drama  political,"Ji Jin Hee, Son Seok Koo, Kang Han Na, Heo Joon Ho, Lee Joon Hyuk, Choi Yoon Young",#89
Juvenile Justice,2022,Netflix,10,1 hr. 2 min.,18+ Restricted (violence & profanity),8.6,law  drama,"Kim Hye Soo, Kim Mu Yeol, Lee Sung Min, Lee Jung Eun, Lee Sang Hee, Park Ji Yun",#90
Cruel City,2013,jTBC,20,60 min.,15+ - Teens 15 or older,8.6,action  thriller  romance  crime,"Jung Kyung Ho, Nam Gyu Ri, Lee Jae Yoon, Son Chang Min, Kim Yoo Mi, Choi Moo Sung",#91
My Love from the Star,2013,SBS,21,58 min.,15+ - Teens 15 or older,8.6,comedy  romance  drama  supernatural,"Kim Soo Hyun, Jun Ji Hyun, Park Hae Jin, Yoo In Na, Shin Sung Rok, Kim Chang Wan",#92
Mystic Pop-Up Bar,2020,"jTBC,  Netflix ",12,1 hr. 8 min.,15+ - Teens 15 or older,8.6,mystery  comedy  family  fantasy,"Hwang Jung Eum, Yook Sung Jae, Choi Won Young, Jung Da Eun, Lee Joon Hyuk, Na In Woo",#93
Age of Youth,2016,jTBC,12,60 min.,15+ - Teens 15 or older,8.6,friendship  romance  life  youth,"Han Ye Ri, Ryu Hwa Young, Park Eun Bin, Han Seung Yeon, Park Hye Soo, Yoon Park",#94
Just Between Lovers,2017,jTBC,16,1 hr. 13 min.,15+ - Teens 15 or older,8.6,psychological  romance  melodrama,"Lee Jun Ho, Won Jin Ah, Lee Ki Woo, Kang Han Na, Kim Hye Joon, Yoon Se Ah",#95
Save Me,2017,OCN,16,60 min.,15+ - Teens 15 or older,8.6,action  thriller  mystery  drama,"Seo Yea Ji, Ok Taec Yeon, Woo Do Hwan, Jo Sung Ha, Jo Jae Yoon, Park Ji Young",#96
Bad and Crazy,2021,"iQiyi, tvN",12,1 hr. 10 min.,15+ - Teens 15 or older,8.6,action  thriller  mystery  comedy,"Lee Dong Wook, Wi Ha Joon, Han Ji Eun, Cha Hak Yeon, Sung Ji Ru, Cha Shi Won",#97
365,2020,MBC,24,35 min.,15+ - Teens 15 or older,8.6,thriller  mystery  drama  fantasy,"Lee Joon Hyuk, Nam Ji Hyun, Kim Jee Soo, Lee Sung Wook, Yoon Joo Sang, Ahn Seung Gyun",#98
The Master's Sun,2013,SBS,17,1 hr. 2 min.,15+ - Teens 15 or older,8.6,horror  comedy  romance  supernatural,"Gong Hyo Jin, So Ji Sub, Seo In Guk, Kim Yoo Ri, Choi Jung Woo, Kim  Mi Kyung",#99
Avengers Social Club,2017,tvN,12,60 min.,15+ - Teens 15 or older,8.6,friendship  comedy  life  drama,"Lee Yo Won, Ra Mi Ran, Myung Se Bin, Lee Jun Young, Choi Byung Mo, Jang Yong",#100
Rebel,2017,MBC,30,60 min.,15+ - Teens 15 or older,8.5,action  thriller  historical  romance,"Yoon Kyun Sang, Chae Soo Bin, Kim Ji Suk, Lee Ha Nee, Kim Sang Joong, Shim Hee Sub",#101
Nobody Knows,2020,SBS,16,1 hr. 10 min.,15+ - Teens 15 or older,8.5,thriller  mystery  drama  melodrama,"Kim Seo Hyung, Ryu Deok Hwan, Park Hoon, Ahn Ji Ho, Min Jin Woong, Kang Ye Won",#102
Bad Guys,2014,OCN,11,1 hr. 5 min.,18+ Restricted (violence & profanity),8.5,action  thriller  psychological  crime,"Kim Sang Joong, Park Hae Jin, Jo Dong Hyuk, Ma Dong Seok, Kang Ye Won, Kang Shin Il",#103
Beautiful World,2019,"jTBC,  Viki ",16,60 min.,15+ - Teens 15 or older,8.5,life  school  family  melodrama,"Park Hee Soon , Choo Ja Hyun, Oh Man Suk, Cho Yeo Jung, Nam  Da Reum , Kim Hwan Hee",#104
Arthdal Chronicles Part 1,2019,"Netflix,  tvN ",6,1 hr. 20 min.,15+ - Teens 15 or older,8.5,historical  romance  fantasy  political,"Song Joong Ki, Kim Ji Won, Jang Dong Gun, Kim Ok Bin, Kim Eui Sung, Lee Do Kyung",#105
Kairos,2020,MBC,16,1 hr. 10 min.,15+ - Teens 15 or older,8.5,action  thriller  drama  sci-fi,"Shin Sung Rok, Lee Se Young, Ahn Bo Hyun, Nam Gyu Ri, Kang Seung Yoon, Jo Dong In",#106
I Hear Your Voice,2013,SBS,18,60 min.,15+ - Teens 15 or older,8.5,mystery  law  romance  supernatural,"Lee Jong Suk, Lee Bo Young, Yoon Sang Hyun, Lee Da Hee, Jung Woong In, Yoon Joo Sang",#107
What's Wrong with Secretary Kim,2018,tvN,16,1 hr. 9 min.,15+ - Teens 15 or older,8.5,friendship  business  comedy  romance,"Park Min Young, Park Seo Joon, Lee Tae Hwan, Pyo Ye Jin, Kim Hye Ok, Kim Byung Ok",#108
Vagabond,2019,"Netflix,  SBS ",16,1 hr. 10 min.,15+ - Teens 15 or older,8.5,action  thriller  mystery  crime,"Lee Seung Gi, Bae Suzy, Shin Sung Rok, Baek  Yoon Shik, Moon Sung Geun, Kim Min Jong",#109
One Ordinary Day,2021,ViuTV,8,1 hr. 10 min.,18+ Restricted (violence & profanity),8.5,thriller  mystery  law  crime,"Kim Soo Hyun, Cha Seung Won, Lee Seol, Kim Shin Rok, Kim Hong Pa, Kim Sung Gyu",#110
Reply 1997,2012,tvN,16,60 min.,15+ - Teens 15 or older,8.5,comedy  romance  life  family,"Jung Eun Ji, Seo In Guk, Hoya, Shin So Yool, Eun Ji Won, Lee Si Eon",#111
Doctor John,2019,SBS,32,35 min.,15+ - Teens 15 or older,8.5,mystery  romance  life  medical,"Ji Sung, Lee Se Young, Lee Kyu Hyung, Hwang Hee, Jung Min Ah, Kwon Hwa Woon",#112
"Hi Bye, Mama!",2020,"Netflix, tvN",16,1 hr. 10 min.,15+ - Teens 15 or older,8.5,romance  drama  melodrama  supernatural,"Kim Tae Hee, Lee Kyu Hyung, Go Bo Gyeol, Seo Woo Jin, Shin Dong Mi, Oh Eui Shik",#113
Voice,2017,OCN,16,60 min.,15+ - Teens 15 or older,8.5,thriller  mystery  psychological,"Jang Hyuk, Lee  Ha Na, Baek Sung Hyun, Ye Sung, Son Eun Seo, Kim Jae Wook",#114
Fight For My Way,2017,KBS2,16,60 min.,15+ - Teens 15 or older,8.5,business  comedy  romance  sports,"Park Seo Joon, Kim Ji Won, Ahn Jae Hong, Song  Ha Yoon, Kim Sung Oh, Jin Hee Kyung",#115
Squid Game,2021,Netflix,9,60 min.,18+ Restricted (violence & profanity),8.5,action  thriller  mystery  drama,"Lee Jung Jae, Park Hae Soo, Jung Ho Yeon, Wi Ha Joon, Anupam Tripathi, Oh Young Soo",#116
W,2016,MBC,16,60 min.,15+ - Teens 15 or older,8.5,thriller  comedy  romance  fantasy,"Han Hyo Joo, Lee Jong Suk, Kim Eui Sung, Lee Tae Hwan, Jung Eugene, Lee Si Eon",#117
Queen Seon Duk,2009,MBC,62,1 hr. 5 min.,15+ - Teens 15 or older,8.5,historical  romance  drama  political,"Lee Yo Won, Go Hyun Jung, Park Ye Jin, Yoo Seung Ho, Kim Nam Gil, Uhm Tae Woong",#118
Mad for Each Other,2021,"Daum Kakao TV, Netflix",13,35 min.,15+ - Teens 15 or older,8.5,comedy  romance  drama,"Oh Yeon Seo, Jung Woo, Lee Su Hyun, Ahn Woo Yeon, Kim Nam Hee, Baek Ji Won",#119
Dali and the Cocky Prince,2021,KBS2,16,1 hr. 5 min.,15+ - Teens 15 or older,8.5,comedy  romance  drama,"Park Gyu Young, Kim Min Jae, Kwon Yool, Hwang Hee, Yeonwoo, Park Sang Myun",#120
Thirty But Seventeen,2018,SBS,32,35 min.,15+ - Teens 15 or older,8.5,music  mystery  comedy  romance,"Shin Hye Sun, Yang Se Jong, Ahn Hyo Seop, Ye Ji Won, Wang Ji Won, Yoon Sun Woo",#121
When the Camellia Blooms,2019,"KBS2,  Netflix ",40,35 min.,15+ - Teens 15 or older,8.5,thriller  comedy  romance  drama  family,"Gong Hyo Jin, Kang Ha Neul, Kim Ji Suk, Son Dam Bi, Oh Jung Se, Yeom Hye Ran",#122
Be Melodramatic,2019,"jTBC, Viki",16,1 hr. 5 min.,15+ - Teens 15 or older,8.5,comedy  romance  life  melodrama,"Chun Woo Hee, Jeon Yeo Been, Han Ji Eun, Ahn Jae Hong, Gong Myung, Lee Joo Bin",#123
Itaewon Class,2020,"jTBC, Netflix",16,1 hr. 10 min.,15+ - Teens 15 or older,8.5,business  romance  life  drama,"Park Seo Joon, Kim Da Mi, Kwon Na Ra, Yoo Jae Myung, Ahn Bo Hyun, Kim Dong Hee",#124
Snowdrop,2021,jTBC,16,1 hr. 30 min.,15+ - Teens 15 or older,8.5,romance  drama  melodrama  political,"Jung Hae In, Kim Ji Soo, Jang Seung Jo, Yoo In Na, Yoon Se Ah, Kim Hye Yoon",#125
Circle,2017,tvN,12,1 hr. 5 min.,15+ - Teens 15 or older,8.5,thriller  mystery  sci-fi,"Yeo Jin Goo, Kim Kang Woo, Gong Seung Yeon, Lee Gi Kwang, Ahn Woo Yeon, Seo Hyun Chul",#126
Because This Is My First Life,2017,tvN,16,1 hr. 10 min.,15+ - Teens 15 or older,8.5,comedy  romance  life  drama,"Jung So Min, Lee Min Ki, Esom, Park Byung Eun, Kim Ga Eun, Kim Min Seok",#127
The Princess's Man,2011,KBS2,24,1 hr. 5 min.,15+ - Teens 15 or older,8.5,action  historical  romance  political,"Park Shi Hoo, Moon Chae Won, Kim Yeong Cheol, Song Jong Ho, Hong Soo Hyun, Lee Min Woo",#128
Blind,2022,"OCN, tvN",16,1 hr. 10 min.,15+ - Teens 15 or older,8.5,thriller  mystery  drama,"Ok Taec Yeon, Ha Seok Jin, Jung Eun Ji, Jung In Ki, Jung Eui Wook, Park Ji Bin",#129
Two Weeks,2013,MBC,16,1 hr. 8 min.,15+ - Teens 15 or older,8.5,action  thriller  mystery  drama,"Lee Joon Gi, Park Ha Sun, Ryu Soo Young, Kim So Yeon, Lee Chae Mi, Jo  Min Ki",#130
"Work Later, Drink Now",2021,tvN,12,35 min.,18+ Restricted (violence & profanity),8.5,comedy  life  drama,"Lee Sun Bin, Han Sun Hwa, Jung Eun Ji, Choi Si Won, Kim Jung Min, Yoo Ji Yeon",#131
Dong Yi,2010,MBC,60,1 hr. 5 min.,15+ - Teens 15 or older,8.5,adventure  historical  mystery  romance,"Han Hyo Joo, Ji Jin Hee, Lee So Yeon, Bae Soo Bin, Park Ha Sun, Jung Jin Young",#132
Gaus Electronics,2022,"ENA, Olleh TV",12,50 min.,15+ - Teens 15 or older,8.5,business  comedy  romance  life,"Kwak Dong Yeon, Go Sung Hee, Bae Hyun Sung, Kang  Min Ah, Baek Hyun Jin, Heo Jung Do",#133
Angel's Last Mission: Love,2019,KBS2,32,35 min.,15+ - Teens 15 or older,8.5,comedy  romance  drama  fantasy,"Kim Myung Soo, Shin Hye Sun, Lee Dong Gun, Kim  Bo Mi, Woo Hee Jin, Gil Eun Hye",#134
The World of the Married,2020,jTBC,16,1 hr. 20 min.,18+ Restricted (violence & profanity),8.5,thriller  romance  drama  melodrama,"Kim Hee Ae, Park Hae Joon, Han So Hee, Park Sun Young, Kim Young Min, Chae Gook Hee",#135
All of Us Are Dead,2022,Netflix,12,1 hr. 2 min.,18+ Restricted (violence & profanity),8.5,action  thriller  horror  sci-fi,"Park Ji Hoo, Yoon Chan Young, Jo Yi Hyun, Lomon, Yoo In Soo, Kim Byung Chul",#136
Extracurricular,2020,Netflix,10,55 min.,18+ Restricted (violence & profanity),8.5,psychological  crime  youth  drama,"Kim Dong Hee, Park Ju Hyun, Jung Da Bin, Nam Yoon Su, Choi Min Soo, Park Hyuk Kwon",#137
Yumi's Cells,2021,tvN,14,1 hr. 10 min.,13+ - Teens 13 or older,8.5,psychological  comedy  romance  drama,"Kim Go Eun, Ahn Bo Hyun, Park Ji Hyun, Lee Yoo Bi, Joo Jong Hyuk, Park Jin Young",#138
Lost,2021,"iQiyi, jTBC",16,1 hr. 10 min.,15+ - Teens 15 or older,8.4,life  drama  melodrama,"Jeon Do Yeon, Ryu Joon Yeol, Park Byung Eun, Kim Hyo Jin, Park Ji Young, Park In Hwan",#139
Queen In Hyun's Man,2012,tvN,16,45 min.,15+ - Teens 15 or older,8.4,historical  comedy  romance  fantasy,"Ji Hyun Woo, Yoo In Na, Kim Jin Woo, Ga Deuk Hee, Seo Woo Jin, Kim Won Hae",#140
If You Wish Upon Me,2022,"KBS2, ViuTV",16,1 hr. 10 min.,15+ - Teens 15 or older,8.4,romance  life  drama  medical,"Ji Chang Wook, Choi Soo Young, Sung Dong Il, Won Ji An, Yang Hee Kyung, Kil Hae Yeon",#142
I'm Not a Robot,2017,MBC,32,35 min.,15+ - Teens 15 or older,8.4,comedy  romance  drama  sci-fi,"Yoo Seung Ho, Chae Soo Bin, Uhm Ki Joon, Park Se Wan, Song Jae Ryong, Go Geon Han",#143
Memorist,2020,tvN,16,1 hr. 5 min.,15+ - Teens 15 or older,8.4,action  thriller  mystery  supernatural,"Yoo Seung Ho, Lee Se Young, Jo Sung Ha, Ko Chang Seok, Yun Ji On, Jeon Hyo Sung",#144
Voice 2,2018,OCN,12,60 min.,15+ - Teens 15 or older,8.4,thriller  mystery  psychological,"Lee  Ha Na, Lee Jin Wook, Kwon Yool, Ahn Se Ha, Son Eun Seo, Kim Woo Seok",#145
Doom at Your Service,2021,"tvN, ViuTV",16,1 hr. 5 min.,15+ - Teens 15 or older,8.4,comedy  romance  drama  fantasy,"Park Bo Young, Seo In Guk, Lee Soo Hyuk, Kang Tae Oh, Shin Do Hyun, Dawon",#146
Search: WWW,2019,tvN,16,1 hr. 10 min.,15+ - Teens 15 or older,8.4,business  comedy  romance  drama,"Im Soo Jung, Lee Da Hee, Jeon Hye Jin, Jang Ki Yong, Lee Jae Wook, Ji Seung Hyun",#148
"From Now On, Showtime!",2022,"MBC, ViuTV",16,1 hr. 13 min.,15+ - Teens 15 or older,8.4,mystery  comedy  romance  fantasy,"Park Hae Jin, Jin Ki Joo, Jung Joon, Go Gyu Pil, Jung Suk Yong, Park Seo Yeon",#149
Hello Monster,2015,KBS2,16,1 hr. 10 min.,15+ - Teens 15 or older,8.4,thriller  mystery  psychological  drama,"Seo In Guk, Jang Na Ra, Park Bo Gum, Choi Won Young, Lee Chun Hee, Min Sung Wook",#150
Moon Embracing the Sun,2012,MBC,20,1 hr. 5 min.,15+ - Teens 15 or older,8.4,historical  romance  supernatural  political,"Han Ga In, Kim Soo Hyun, Jung Il Woo, Kim Min Seo, Kim Yoo Jung, Yeo Jin Goo",#151
Train,2020,OCN,12,60 min.,15+ - Teens 15 or older,8.4,thriller  mystery  sci-fi,"Yoon Shi Yoon, Kyung Soo Jin, Shin So Yool, Lee Hang Na, Nam Moon Chul, Jo Wan Ki",#152
Sh**ting Stars,2022,tvN,16,60 min.,15+ - Teens 15 or older,8.4,comedy  romance  drama,"Lee Sung Kyung, Kim Young Dae, Yoon Jong Hoon, Kim Yoon Hye, Park So Jin, Lee Jung Shin",#153
The Crowned Clown,2019,tvN,16,1 hr. 20 min.,15+ - Teens 15 or older,8.4,historical  romance  melodrama  political,"Yeo Jin Goo, Lee Se Young, Kim Sang Kyung, Jang Gwang, Yoon Jong Seok, Yoon Gyung Ho",#154
Mad Dog,2017,KBS2,16,60 min.,15+ - Teens 15 or older,8.4,action  thriller  mystery,"Yoo Ji Tae, Woo Do Hwan, Ryu Hwa Young, Jo Jae Yoon, Kim Hye Sung, Hong Soo Hyun",#155
Birthcare Center,2020,tvN,8,1 hr. 5 min.,15+ - Teens 15 or older,8.4,comedy  life  drama  melodrama,"Uhm Ji Won, Park Ha Sun, Choi Ri, Jang Hye Jin, Yoon Park, Im Hwa Young",#156
Nine: Nine Times Time Travel,2013,tvN,20,52 min.,15+ - Teens 15 or older,8.4,mystery  romance  supernatural,"Lee Jin Wook, Lee Seung Joon, Jo Yoon Hee, Oh Min Suk, Lee Yi Kyung, Jo Min Ah",#157
Extraordinary You,2019,MBC,32,35 min.,13+ - Teens 13 or older,8.4,comedy  romance  youth  fantasy,"Kim Hye Yoon, Rowoon, Lee Jae Wook, Lee Na Eun, Kim Young Dae, Jung Gun Joo",#158
Pinocchio,2014,SBS,20,58 min.,15+ - Teens 15 or older,8.4,thriller  mystery  comedy  romance,"Lee Jong Suk, Park Shin Hye, Kim Young Kwang, Lee Yoo Bi, Jin Kyung, Lee Pil Mo",#159
Doctor Prisoner,2019,KBS2,32,35 min.,15+ - Teens 15 or older,8.4,thriller  law  crime  medical,"Namkoong Min, Kwon Na Ra, Kim Byung Chul, Choi Won Young, Lee Da In, Jin Hee Kyung",#160
Love All Play,2022,KBS2,16,1 hr. 10 min.,15+ - Teens 15 or older,8.4,romance  drama  sports  melodrama,"Park Ju Hyun, Chae Jong Hyeop, Park Ji Hyun, Kim Moo Joon, Seo Ji Hye, Jo Han Chul",#161
My Unfamiliar Family,2020,tvN,16,1 hr. 15 min.,15+ - Teens 15 or older,8.4,life  drama,"Han Ye Ri, Kim Ji Suk, Choo Ja Hyun, Jung Jin Young, Won Mi Kyung, Shin Jae Ha",#162
Her Private Life,2019,tvN,16,1 hr. 15 min.,15+ - Teens 15 or older,8.4,business  comedy  romance  drama,"Park Min Young, Kim Jae Wook, Ahn Bo Hyun, One, Kim Bo Ra, Park Jin Joo",#163
Age of Youth 2,2017,jTBC,14,60 min.,15+ - Teens 15 or older,8.4,mystery  comedy  romance  life,"Han Ye Ri, Han Seung Yeon, Park Eun Bin, Ji Woo, Choi A Ra, Kim Min Seok",#164
Secret,2013,KBS2,16,1 hr. 2 min.,15+ - Teens 15 or older,8.4,romance  drama  melodrama,"Ji Sung, Hwang Jung Eum, Bae Soo Bin, Lee Da Hee, Lee Deok Hwa, Jo Mi Ryung",#165
Military Prosecutor Doberman,2022,tvN,16,1 hr. 5 min.,15+ - Teens 15 or older,8.4,action  military  mystery  law,"Ahn Bo Hyun, Jo Bo Ah, Oh Yeon Soo, Kim Young Min, Kim Woo Seok, Kang Mal Geum",#166
Pachinko,2022,Apple TV+,8,54 min.,15+ - Teens 15 or older,8.4,historical  romance  drama  melodrama,"Kim Min Ha, Youn Yuh Jung, Jin Ha, Lee Min Ho, Jeon Yu Na, Park So Hee",#167
My Roommate Is a Gumiho,2021,"iQiyi, tvN",16,1 hr. 10 min.,15+ - Teens 15 or older,8.4,comedy  romance  fantasy,"Jang Ki Yong, Lee Hye Ri, Kang Han Na, Kim Do Wan, Bae In Hyuk, Park Kyung Hye",#168
Yumi's Cells 2,2022,tvN,14,1 hr. 5 min.,15+ - Teens 15 or older,8.4,comedy  romance  life,"Kim Go Eun, Park Jin Young, Ahn Bo Hyun, Lee Yoo Bi, Mi Ram, Kwon Seung Woo",#169
My Country: The New Age,2019,"jTBC, Netflix",16,1 hr. 20 min.,15+ - Teens 15 or older,8.4,action  historical  romance  drama,"Yang Se Jong, Woo Do Hwan, Kim Seol Hyun, Jang Hyuk, Kim Yeong Cheol, Ahn Nae Sang",#170
Sell Your Haunted House,2021,KBS2,16,1 hr. 10 min.,15+ - Teens 15 or older,8.4,thriller  mystery  comedy  fantasy,"Jang Na Ra, Jung Yong Hwa, Kang Hong Suk, Kang Mal Geum, Baek Eun Hye, Ahn Kil Kang",#171
The Legend of the Blue Sea,2016,SBS,20,60 min.,15+ - Teens 15 or older,8.4,comedy  romance  drama  fantasy,"Lee Min Ho, Jun Ji Hyun, Lee Hee Joon, Shin  Won Ho, Shin Hye Sun, Moon So Ri",#173
Come and Hug Me,2018,MBC,32,35 min.,15+ - Teens 15 or older,8.4,thriller  mystery  romance  melodrama,"Jang Ki Yong, Jin Ki Joo, Heo Joon Ho, Yoon Jong Hoon, Kim Kyung Nam, Seo Jung Yeon",#174
Partners for Justice,2018,MBC,32,35 min.,15+ - Teens 15 or older,8.4,thriller  mystery  law  medical,"Jung Jae Young, Jung Yoo Mi, Lee Yi Kyung, Park Eun Seok, Stephanie Lee, Joo Jin Mo",#175
Seasons of Blossom,2022,Wavve,16,25 min.,13+ - Teens 13 or older,8.4,comedy  romance  youth  drama,"Seo Ji Hoon, So Ju Yeon, Kim Min Kyu, Kang Hye Won, Yoon Hyun Soo, Oh Yu Jin",#176
The Tale of Nokdu,2019,KBS2,32,33 min.,15+ - Teens 15 or older,8.4,action  historical  comedy  romance,"Jang Dong Yoon, Kim So Hyun, Kang Tae Oh, Jung Joon Ho, Kim Tae Woo, Yoon Yoo Sun",#177
Psychopath Diary,2019,tvN,16,1 hr. 20 min.,15+ - Teens 15 or older,8.4,thriller  mystery  comedy  crime,"Yoon Shi Yoon, Jung In Sun, Park Sung Hoon, Lee  Han Wi, Hwang Geum Byul, Kim Kyul",#178
The Beauty Inside,2018,jTBC,16,1 hr. 10 min.,15+ - Teens 15 or older,8.4,comedy  romance  melodrama  supernatural,"Seo Hyun Jin, Lee Min Ki, Lee Da Hee, Ahn Jae Hyun, Lee Tae Ri, Moon Ji In",#179
Tale of the Nine-Tailed,2020,tvN,16,1 hr. 10 min.,15+ - Teens 15 or older,8.4,thriller  horror  romance  fantasy,"Lee Dong Wook, Jo Bo Ah, Kim Bum, Kim Yong Ji, Hwang Hee, Kim Jung Nan",#180
The Good Detective,2020,jTBC,16,1 hr. 10 min.,15+ - Teens 15 or older,8.4,action  thriller  mystery  drama,"Son Hyun Joo, Jang Seung Jo, Lee Elijah, Oh Jung Se, Ji Seung Hyun, Son Jong Hak",#181
He Is Psychometric,2019,tvN,16,1 hr. 4 min.,15+ - Teens 15 or older,8.4,thriller  mystery  romance  supernatural,"Park Jin Young, Shin Ye Eun, Kim Kwon, Kim Da Som, Noh Jong Hyun, Go Yoon Jung",#182
One Spring Night,2019,"MBC, Netflix",32,35 min.,15+ - Teens 15 or older,8.4,romance  life  drama  melodrama,"Jung Hae In, Han Ji Min, Kim Joon Han, Im Sung Eon, Joo Min Kyung, Song Seung Hwan",#183
Soundtrack #1,2022,Disney+,4,44 min.,13+ - Teens 13 or older,8.4,music  romance,"Park Hyung Sik, Han So Hee, Kim Joo Heon, Yoon Byung Hee, Park Min Jung, Park Hoon",#184
City Hunter,2011,SBS,20,1 hr. 10 min.,15+ - Teens 15 or older,8.4,action  thriller  crime,"Lee Min Ho, Park Min Young, Lee Joon Hyuk, Kim Sang Joong, Hwang Sun Hee, Kim Mi Sook",#185
Class of Lies,2019,OCN,16,1 hr. 10 min.,15+ - Teens 15 or older,8.3,thriller  mystery  law  youth,"Yoon Kyun Sang, Geum Sae Rok, Lee Jun Young, Choi Yoo Hwa, Choi Kyu Jin, Han So Eun",#186
100 Days My Prince,2018,tvN,16,1 hr. 15 min.,15+ - Teens 15 or older,8.3,historical  comedy  romance  drama,"Doh Kyung Soo, Nam Ji Hyun, Kim Seon Ho, Han So Hee, Jo Sung Ha, Kim Jae Young",#187
"At a Distance, Spring Is Green",2021,"iQiyi, KBS2, Viki",12, 1 hr. 3 min.,15+ - Teens 15 or older,8.3,romance  life  youth,"Park Ji Hoon, Kang  Min Ah, Bae In Hyuk, Kwon Eun Bin, Choi Jung Woo, Woo Da Vi",#188
Lie After Lie,2020,Channel A,16,1 hr. 9 min.,15+ - Teens 15 or older,8.3,thriller  romance  melodrama,"Lee Yoo Ri, Yeon Jung Hoon, Lee Il Hwa, Im Ju Eun, Go Na Hee, Kwon Hwa Woon",#189
The Sound of Magic,2022,Netflix,6,1 hr. 10 min.,15+ - Teens 15 or older,8.3,music  psychological  drama  fantasy,"Ji Chang Wook, Choi Sung Eun, Hwang In Youp, Oh So Hyun, Ji Hye Won, Hong Jung Min",#190
Good Doctor,2013,KBS2,20,1 hr. 5 min.,15+ - Teens 15 or older,8.3,romance  life  drama  medical,"Joo Won, Moon Chae Won, Joo Sang Wook, Kim Min Seo, Ha Kyu Won, Kim Hyun Soo",#192
Rookie Cops,2022,Hulu,16,60 min.,15+ - Teens 15 or older,8.3,romance  life  youth  drama,"Kang Daniel, Chae Soo Bin, Lee Shin Young, Park Yoo Na, Park Sung Joon, Min Do Hee",#194
True Beauty,2020,tvN,16,1 hr. 15 min.,15+ - Teens 15 or older,8.3,comedy  romance  youth  drama,"Moon Ga Young, Cha Eun Woo, Hwang In Youp, Park Yoo Na, Jang Hye Jin, Park Ho San",#195
Oh My Ghost,2015,tvN,16,60 min.,13+ - Teens 13 or older,8.3,thriller  comedy  romance  supernatural,"Park Bo Young, Kim Seul Gi, Jo Jung Suk, Im Joo Hwan, Kang Ki Young, Kwak Shi Yang",#196
God's Gift: 14 Days,2014,SBS,16,1 hr. 5 min.,15+ - Teens 15 or older,8.3,thriller  mystery  drama  supernatural,"Lee Bo Young, Cho Seung Woo, Kim Tae Woo, Kim Yoo Bin, Jung Gyu Woon, Kim Jin Hee",#197
The Sound of Your Heart,2016,Naver TV Cast,20,15 min.,15+ - Teens 15 or older,8.3,comedy  life  sitcom,"Lee Kwang Soo, Kim Dae Myung, Jung So Min, Kim Byung Ok, Kim  Mi Kyung, Park Sang Hoon",#198
The Veil,2021,MBC,12,1 hr. 10 min.,15+ - Teens 15 or older,8.3,action  thriller  mystery  crime,"Namkoong Min, Park Ha Sun, Kim Ji Eun, Jang Young Nam, Kim Jong Tae, Kim Do Hyun",#199
Graceful Family,2019,MBN,16,1 hr. 20 min.,15+ - Teens 15 or older,8.3,thriller  mystery  drama  melodrama,"Im Soo Hyang, Lee Jang Woo, Bae Jong Ok, Lee Kyu Han, Kim Jin Woo, Jeon Jin Seo",#200
Gu Family Book,2013,MBC,24,1 hr. 5 min.,15+ - Teens 15 or older,8.3,action  historical  romance  fantasy,"Lee Seung Gi, Bae Suzy, Lee Sung Jae, Yoo Yeon Seok, Lee Yoo Bi, Sung Joon",#201
The Hymn of Death,2018,"Netflix, SBS",6,35 min.,15+ - Teens 15 or older,8.3,music  historical  romance  melodrama,"Lee Jong Suk, Shin Hye Sun, Park Seon Im, Lee Ji Hoon, Han Eun Seo, Kim Kang Hyun",#202
Jumong,2006,MBC,81,1 hr. 10 min.,15+ - Teens 15 or older,8.3,adventure  historical  romance  drama,"Song Il Gook, Han Hye Jin, Kim Seung Soo, Jeon Kwang Ryul, Oh Yeon Soo, Song Ji Hyo",#203
Vampire Prosecutor 2,2012,OCN,11,1 hr. 5 min.,15+ - Teens 15 or older,8.3,action  mystery  drama  supernatural,"Yeon Jung Hoon, Lee Young Ah, Lee Won Jong, Lee Kyung Young, Kim Joo Young, Gong Jung Hwan",#204
Ugly Alert,2013,SBS,133,35 min.,15+ - Teens 15 or older,8.3,business  romance  melodrama,"Im Joo Hwan, Kang So Ra, Kang  Byul, Choi  Tae Joon, Kim Seol Hyun, Shin So Yool",#205
Misty,2018,jTBC,16,1 hr. 10 min.,15+ - Teens 15 or older,8.3,thriller  mystery  romance  melodrama,"Kim Nam Joo, Ji Jin Hee, Jeon Hye Jin, Im Tae Kyung, Go Jun, Jin Ki Joo",#206
Voice 3: City of Accomplices,2019,OCN,16,60 min.,15+ - Teens 15 or older,8.3,thriller  mystery  psychological  crime,"Lee  Ha Na, Lee Jin Wook, Son Eun Seo, Kim Woo Seok, Kim Joong Ki, Song Boo Geon",#207
Confession,2019,tvN,16,60 min.,15+ - Teens 15 or older,8.3,thriller  mystery  law  drama,"Lee Jun Ho, Shin Hyun Bin, Yoo Jae Myung, Nam Ki Ae, Yoon Gyung Ho, Ryu Kyung Soo",#208
Again My Life,2022,"SBS, ViuTV",16,1 hr. 5 min.,15+ - Teens 15 or older,8.3,mystery  law  drama  fantasy,"Lee Joon Gi, Lee Kyung Young, Kim Ji Eun, Jung Sang Hoon, Choi Kwang, Hong Bi Ra",#209
Money Heist: Korea - Joint Economic Area - Part 1,2022,Netflix,6,1 hr. 10 min.,18+ Restricted (violence & profanity),8.3,action  thriller  mystery  crime,"Yoo Ji Tae, Park Hae Soo, Jeon Jong Seo, Lee Won Jong, Kim Ji Hoon, Jang Yoon Ju",#210
Are You Human Too?,2018,KBS2,36,35 min.,15+ - Teens 15 or older,8.3,comedy  romance  sci-fi  fantasy,"Seo Kang Joon, Gong Seung Yeon, Lee Joon Hyuk, Park Hwan Hee, Kim Sung Ryung, Yoo Oh Sung",#211
Run On,2020,"jTBC, Netflix",16,1 hr. 10 min.,15+ - Teens 15 or older,8.3,romance  life  drama  sports,"Yim Si Wan, Shin Se Kyung, Choi Soo Young, Kang Tae Oh, Park Young Gyu, Cha Hwa Yun",#212
The Smile Has Left Your Eyes,2018,tvN,16,1 hr. 4 min.,15+ - Teens 15 or older,8.3,thriller  mystery  romance  drama,"Seo In Guk, Jung So Min, Park Sung Woong, Seo Eun Soo, Go Min Si, Jang Young Nam",#213
Team Bulldog: Off-duty Investigation,2020,OCN,12,1 hr. 10 min.,15+ - Teens 15 or older,8.3,action  mystery  comedy  drama,"Cha Tae Hyun, Lee Sun Bin, Jung Sang Hoon, Yoon Gyung Ho, Ji Seung Hyun, Im Chul Hyung",#214
The Guardians,2017,MBC,32,35 min.,15+ - Teens 15 or older,8.3,action  thriller  mystery  law  crime,"Lee Si Young, Kim Young Kwang, Kim Tae Hoon, Kim Seul Gi, Key, Choi Moo Sung",#215
Terius Behind Me,2018,MBC,32,35 min.,15+ - Teens 15 or older,8.3,action  mystery  comedy  romance,"So Ji Sub, Jung In Sun, Son Ho Jun, Im Se Mi, Kim Gun Woo, Ok Ye Rin",#216
Hyena,2020,"Netflix, SBS",16,1 hr. 10 min.,15+ - Teens 15 or older,8.3,mystery  comedy  law  romance,"Joo Ji Hoon, Kim Hye Soo, Lee Kyung Young, Kim Ho Jung, Song Young Kyu, Jun Suk Ho",#217
Touch Your Heart,2019,tvN,16,1 hr. 10 min.,15+ - Teens 15 or older,8.3,comedy  law  romance  drama,"Lee Dong Wook, Yoo In Na, Lee Sang Woo, Son Sung Yoon, Oh Jung Se, Shim Hyung Tak",#218
Welcome 2 Life,2019,MBC,32,35 min.,15+ - Teens 15 or older,8.3,comedy  law  romance  fantasy,"Rain, Im Ji Yeon, Kwak Shi Yang, Seo Hye Rin, Park Yoon Young, Son Byung Ho",#220
Suspicious Partner,2017,SBS,40,30 min.,15+ - Teens 15 or older,8.3,thriller  comedy  law  romance,"Ji Chang Wook, Nam Ji Hyun, Choi  Tae Joon, Kwon Na Ra, Dong Ha, Kim Ye Won",#221
Mine,2021,"Netflix, tvN",16,1 hr. 10 min.,15+ - Teens 15 or older,8.3,thriller  mystery  drama,"Lee Bo Young, Kim Seo Hyung, Ok Ja Yeon, Lee Hyun Wook, Cha Hak Yeon, Jung Yi Seo",#222
When the Weather Is Fine,2020,"jTBC, Viki",16,60 min.,15+ - Teens 15 or older,8.3,romance  life  drama  melodrama,"Park Min Young, Seo Kang Joon, Lee Jae Wook, Kim Hwan Hee, Moon Jung Hee, Im Se Mi",#223
Lawless Lawyer,2018,tvN,16,1 hr. 6 min.,15+ - Teens 15 or older,8.3,action  thriller  law  romance,"Lee Joon Gi, Seo Yea Ji, Lee Hye Young, Choi Min Soo, Lee Ro Woon, Lee Dae Yeon",#224
Crazy Love,2022,KBS2,16,1 hr. 5 min.,15+ - Teens 15 or older,8.3,comedy  romance  drama,"Kim Jae Wook, Krystal Jung, Ha Joon, Yoo In Young, Im Won Hee, Park Han Sol",#225
WATCHER,2019,OCN,16,1 hr. 5 min.,15+ - Teens 15 or older,8.3,thriller  mystery  drama  political,"Seo Kang Joon, Han Seok Kyu, Kim Hyun Joo, Park Joo Hee, Heo Sung Tae, Joo Jin Mo",#226
Five Enough,2016,KBS2,54,1 hr. 10 min.,15+ - Teens 15 or older,8.3,comedy  romance  drama  melodrama,"Ahn Jae Wook, So Yoo Jin, Sung Hoon, Shin Hye Sun, Shim Hyung Tak, Shim Yi Young",#227
Amanza,2020,Daum Kakao TV,10,15 min.,15+ - Teens 15 or older,8.3,adventure  life  fantasy  melodrama,"Kim Ji Soo, Lee Seol, Oh Hyun Kyung, Yoo Seung Mok, Lee Jong Won, Shin Joo Hwan",#228
Light on Me,2021,Viki,16,24 min.,13+ - Teens 13 or older,8.3,romance  youth  drama,"Lee Sae On, Kang Yoo Seok, Choe Chan Yi, Go Woo Jin, Lee Ki Hyun, Yang Seo Hyun",#229
Bulgasal: Immortal Souls,2021,"Netflix, tvN",16,1 hr. 15 min.,15+ - Teens 15 or older,8.3,thriller  mystery  drama  fantasy,"Lee Jin Wook, Kwon Na Ra, Lee Joon, Gong Seung Yeon, Jung Jin Young, Kim Woo Seok",#230
Tree With Deep Roots,2011,SBS,24,1 hr. 9 min.,15+ - Teens 15 or older,8.3,historical  mystery  political,"Han Seok Kyu, Jang Hyuk, Shin Se Kyung, Jo Jin Woong, Park Hyuk Kwon, Hyun Woo",#232
49 Days,2011,SBS,20,1 hr. 10 min.,15+ - Teens 15 or older,8.3,romance  drama  melodrama  supernatural,"Lee Yo Won, Nam Gyu Ri, Jung Il Woo, Jo Hyun Jae, Bae Soo Bin, Seo Ji Hye",#233
D-Day,2015,jTBC,20,1 hr. 5 min.,15+ - Teens 15 or older,8.3,romance  drama  medical,"Kim Young Kwang, Jung So Min, Ha Seok Jin, Lee Kyung Young, Kim Hye Eun, Yoon Joo Hee",#234
Awaken,2020,tvN,16,1 hr. 10 min.,15+ - Teens 15 or older,8.3,thriller  mystery  crime  fantasy,"Namkoong Min, Kim Seol Hyun, Lee Chung Ah, Yoon Sun Woo, Yoon Gyung Ho, Kim Tae Woo",#235
Oh My Venus,2015,KBS2,16,60 min.,13+ - Teens 13 or older,8.3,comedy  law  romance  life,"So Ji Sub, Shin Min Ah, Jung Gyu Woon, Yoo In Young, Sung Hoon, Henry Lau",#236
Leverage,2019,TV Chosun,16,60 min.,15+ - Teens 15 or older,8.3,action  mystery  comedy  crime,"Lee Dong Gun, Jeon Hye Bin, Kim Sae Ron, Kim Kwon, Yeo Hoe Hyun, Choi Ja Hye",#237
The King's Affection,2021,"KBS2, Netflix",20,1 hr. 10 min.,15+ - Teens 15 or older,8.3,historical  romance  drama,"Park Eun Bin, Rowoon, Nam Yoon Su, Choi Byung Chan, Bae Yoon Kyung, Jung Chae Yeon",#238
A Gentleman's Dignity,2012,SBS,20,1 hr. 5 min.,15+ - Teens 15 or older,8.3,comedy  romance  drama  melodrama,"Jang Dong Gun, Kim Ha Neul, Kim Soo Ro, Kim Min Jong, Lee Jong Hyuk, Yoon Se Ah",#239
Rookie Historian Goo Hae Ryung,2019,"MBC, Netflix",40,35 min.,15+ - Teens 15 or older,8.3,historical  comedy  romance  drama,"Shin Se Kyung, Cha Eun Woo, Lee Ji Hoon, Park Ki Woong, Lee Ye Rim, Park Ji Hyun",#240
Ghost,2012,SBS,20,1 hr. 5 min.,15+ - Teens 15 or older,8.3,thriller  mystery,"So Ji Sub, Lee Yun Hee, Kwak Do Won, Uhm Ki Joon, Lee Won Keun, Yoon  Ji Hye",#242
Love Playlist: Season 4,2019,"Naver TV Cast, vLive",16,20 min.,15+ - Teens 15 or older,8.3,romance  life  youth  drama,"Lee Yoo Jin, Park Jung Woo, Park Shi An, Bae Hyun Sung, Kim Sae Ron, Kim Hyung Suk",#243
God's Quiz: Reboot,2018,OCN,16,1 hr. 5 min.,15+ - Teens 15 or older,8.3,mystery  medical,"Ryu Deok Hwan, Yoon Joo Hee, Park  Hyo Joo, Park Joon Myun, Kim Ki Doo, Kim Jae Won",#244
Missing Noir M,2015,OCN,10,1 hr. 10 min.,15+ - Teens 15 or older,8.3,thriller  mystery  drama,"Kim Kang Woo, Park Hee Soon, Jo Bo Ah, Kim  Gyu Chul, Park So Hyun, Oh Soon Tae",#245
Live Up to Your Name,2017,tvN,16,1 hr. 10 min.,15+ - Teens 15 or older,8.3,historical  romance  medical  fantasy,"Kim Nam Gil, Kim Ah Joong, Yoo Min Kyu, Moon Ga Young, Yoon Joo Sang, Uhm Hyo Sub",#246
Queen for Seven Days,2017,KBS2,20,60 min.,15+ - Teens 15 or older,8.3,historical  romance  melodrama  political,"Park Min Young, Yeon Woo Jin, Lee Dong Gun, Jang Hyun Sung, Kang Shin Il, Go Bo Gyeol",#247
Memory,2016,tvN,16,1 hr. 5 min.,15+ - Teens 15 or older,8.3,law  romance  life  drama,"Lee Sung Min, Kim Jee Soo, Park Jin Hee, Lee Jun Ho, Jeon Noh Min, Yoon So Hee",#248
A Korean Odyssey,2017,"Netflix, tvN",20,1 hr. 20 min.,15+ - Teens 15 or older,8.3,horror  comedy  romance  fantasy,"Lee Seung Gi, Cha Seung Won, Oh Yeon Seo, Lee Hong Ki, Jang Gwang, Lee El",#249
Voice 4: Judgment Hour,2021,tvN,14,1 hr. 3 min.,15+ - Teens 15 or older,8.3,action  thriller  mystery  crime,"Lee  Ha Na, Song Seung Heon, Son Eun Seo, Kang Seung Yoon, Baek Sung Hyun, Kim Joong Ki",#250
